mutation,experimental_activity,predicted_activity
G313N,-0.413215854767445,-0.2643151
K26Y,-0.175514324070427,0.048043784
A194W,-0.672075644667744,-0.60983557
L118S,-0.461540110737646,-0.31920344
I266M,-0.165038947306652,-0.2636458
L165M,-0.174301350056105,-0.10333493
S246D,-0.581138418657912,-0.34254664
T212E,-0.625178123540557,-0.22548561
G188A,-0.647830256116027,-0.34585792
G102W,-0.183463576601122,-0.046715505
R279S,-0.0153349909752588,-0.04888451
G241F,-0.523989012890346,-0.4335553
E273T,0.00329153179451976,-0.23479055
K76S,-0.157771631089894,-0.0234049
E71L,-0.624414695962098,-0.57963336
P119G,-0.166889728118638,-0.01965008
A168W,-0.647604467694219,-0.22564279
T271C,-0.3232051857992,-0.25240326
A193E,-0.00843107230419162,-0.4607662
D242K,-0.385093099544531,-0.5723845
L203T,0.0651804974440416,-0.2208187
I197M,-0.571695480602639,-0.12300202
I225F,-0.647657817671211,-0.36594164
D347R,-0.37088785285861,-0.36620006
S42M,-0.0132352499123938,-0.22910199
S3G,0.0283573874392505,0.03455389
T74S,-0.586327926111644,-0.30252692
T306I,-0.0700001724175522,-0.057959177
G180S,-0.669925269169776,-0.6116805
V202R,-0.68395343285335,-0.62856257
G270I,-0.612685154497854,-0.22171248
D173L,-0.197000517489788,-0.3736126
C123P,-0.605076759418482,-0.49974868
D244C,-0.469039176925349,-0.49992335
V176R,-0.646766732141463,-0.6649389
T237K,-0.67210400327865,-0.4214977
G85P,-0.61300658305837,-0.32512906
D173C,-0.138679177507366,-0.19679931
Y359L,-0.0421023066900898,0.07220231
Y108R,-0.694032834291908,-0.6012202
R95H,-0.459347022408693,-0.023034466
Q340V,-0.622427048114025,-0.6157067
F96I,-0.0151201657368817,-0.3104026
Q98F,-0.0310906993080267,-0.0130892955
L150H,-0.698621844690103,-0.40619886
S341A,-0.537766422974469,-0.62960064
R210V,-0.0812948969921182,-0.04412318
P49T,-0.689621166486598,-0.49249816
G361H,0.0177009238162679,0.04977261
Y108W,-0.0892554764791995,-0.08639637
A194Q,-0.362795406245075,-0.4833603
K205N,-0.211864250252717,0.020043511
I255H,-0.585694521817115,-0.38887626
A362S,0.0125441221325711,-0.03738934
F169M,-0.437207055167367,-0.029206146
M213I,0.0339285035556293,-0.04419163
C259Q,-0.697966706447429,-0.5486505
A87H,-0.702168017079161,-0.26318684
Y338I,-0.642292775203581,-0.19854783
A178Y,-0.664700315260477,-0.6899511
Q340W,-0.710990024846784,-0.6301006
A336R,-0.389429060271584,-0.29868948
G52M,-0.659785996435519,-0.653123
Q167M,-0.0305693194214252,-0.16303466
G102P,-0.533073677814135,-0.2570631
G337L,-0.670798616419388,-0.71020925
A362Y,0.0225266621568835,0.10476577
P196T,-0.599377566811705,-0.5731249
S185R,-0.680329914219075,-0.51699555
E295R,-0.637144154356254,-0.07892683
A87G,-0.543883975831029,-0.29692784
D110M,-0.107383580349009,-0.19044504
S308G,-0.617048265356877,-0.17935976
A97K,-0.646981004245291,-0.31803387
L150P,-0.730935180857767,-0.6490516
G102M,-0.0794415390637245,-0.12123209
S246M,-0.66872714785402,-0.31898484
F75W,-0.112826576981575,-0.08477743
W107N,-0.669463228461433,-0.70191884
C143V,-0.379512839234224,-0.20975703
A87Q,-0.695985385293034,-0.24587187
C208F,-0.626809689529813,-0.029836154
S73K,-0.039007293772049,-0.2655308
V282W,-0.68357682634021,-0.5170537
R6E,-0.523681547391771,-0.16816722
V282R,-0.679909881319308,-0.61311966
G102D,-0.0292109879473113,0.025604371
S43L,-0.309889928099026,-0.24985124
M59V,-0.189748842115681,-0.28446886
P221E,-0.172740498799398,-0.06338155
L278G,-0.399827407031579,-0.63185793
P221H,-0.088059814562314,0.027267743
A345E,-0.707239347743622,-0.6881767
V82K,-0.598698790781147,-0.58975756
D242I,-0.286838626497363,-0.3643374
L312E,-0.57241340274844,-0.44936484
Q339I,-0.682559695934976,-0.614656
G235I,-0.702991567383725,-0.7515414
L260W,-0.11424996075014,-0.5275029
P196E,-0.687203032054444,-0.70562077
G188E,-0.71984483073566,-0.4391116
H2G,0.0341376780839091,0.12316184
Q67G,-0.553327926834289,-0.107141435
S120C,-0.0505839779271457,-0.066394396
V300G,0.0513112750857888,-0.19311838
V325W,-0.264426711103478,-0.09210055
D36F,-0.72774440685666,-0.37454912
V8N,-0.128368590003715,-0.69105124
V294R,-0.681761874975089,-0.52250844
G283L,-0.662724912348667,-0.41872445
R35M,-0.132713285277464,-0.18228851
A330L,-0.669761198086142,-0.5797826
T179L,-0.401121512712688,-0.57966465
F58D,-0.685976720654626,-0.570752
A219G,0.0171087822463327,-0.05756596
E250N,0.0800093256352979,-0.07208431
W78Q,-0.707663070836031,-0.67037886
V202P,-0.728439480609564,-0.6734556
R66S,-0.124934327564325,-0.20982026
L262E,-0.702131767154635,-0.52361244
M213V,-0.126891662397238,-0.16623698
V162A,-0.435248443407111,-0.3218807
P124Y,-0.235147923926385,-0.044371583
R6K,0.0535747864505846,-0.14488801
R159N,-0.586367306510871,-0.14438282
G290C,-0.158028447374526,-0.1898262
Y145E,-0.121119635275026,-0.46459866
V352W,-0.687664300556286,-0.31243438
A317H,-0.0298134473828158,0.044042055
V294H,-0.631276101668487,-0.5099923
G11V,-0.597857700018946,-0.6805375
T131L,-0.146477542658331,-0.26172796
E71N,-0.68541176056775,-0.43608695
M88G,-0.498151132204585,-0.5284596
K77L,-0.413813463033304,-0.17163947
A330E,-0.652702383619358,-0.65762913
L312C,-0.586852902028581,-0.3803345
G283Y,-0.706058406439952,-0.6251045
K205C,-0.0532494357628347,-0.3484425
S216D,-0.143813924195685,-0.09157969
A187G,-0.569008798211618,-0.31284204
R318C,-0.0377910011028259,0.04564928
A68M,-0.498547236423686,-0.25088298
E158N,-0.412717055642655,-0.07564473
G85I,-0.644318850989875,-0.22972742
T93K,-0.623542535142718,-0.6609785
V325S,-0.148178656012747,-0.025086237
K109R,-0.024457463344074,-0.0900263
G92Q,-0.0821614232534427,-0.31013638
I225E,-0.66764677449532,-0.62562895
G291D,-0.562958930271491,-0.6267258
T45M,0.127080999591899,-0.18790025
S73Y,-0.0912814719632719,-0.09313764
R198Q,-0.435119579556634,-0.3837171
S335Q,-0.179868745076907,-0.15543225
D304M,-0.040320101816749,0.008074839
G52R,-0.695269881012259,-0.64885855
V352D,-0.694981763562385,-0.69540536
C234K,-0.690213166453132,-0.67131674
V294N,-0.6732406678509,-0.61784667
P221A,-0.0872337359336726,-0.07069762
C211D,-0.70238908598366,-0.45169476
A296W,-0.063523291404642,-0.30870932
Y359A,-0.0186548477582956,-0.012454465
R364T,-0.0896575291331248,0.061132673
H280C,-0.734819909010241,-0.422428
A193F,-0.0734492408179554,-0.16817117
W342Q,-0.39086472315844,-0.6401749
S220E,0.0802357380224974,-0.20719634
A155K,-0.595705664130488,-0.44563553
R305P,-0.078387410225495,-0.45187256
P226G,-0.682417843978311,-0.5015187
G229V,-0.365445149232375,-0.066217124
E365V,-0.0236786681621499,0.12646993
V176S,-0.678302191436424,-0.6545624
A287N,0.0281232561244052,-0.46282187
R289D,-0.062711801582461,-0.3248328
S43T,-0.292251754485717,-0.0846138
A20C,-0.627954047199515,-0.53466386
D133L,-0.560956780482369,-0.7013796
K109F,-0.31549344714572,-0.2776872
A355Q,-0.0241307695276368,-0.043468498
L174R,-0.684489184659583,-0.56479955
Q98R,-0.204891971379219,-0.08785483
P226H,-0.647416105264447,-0.5597829
K76F,-0.0138266981141249,-0.33281502
K184Q,-0.565455221847982,-0.20060709
A47D,-0.616521691708326,-0.3336919
E322C,-0.0848896218961292,-0.030798102
D40C,-0.666243106345401,-0.27553648
A319K,0.0207265092062005,-0.058123723
T306C,0.0419730377270941,-0.017255684
D242H,-0.378366920320325,-0.37185624
L103T,-0.40444527308403,-0.49180958
N99R,-0.00728205628515451,-0.061066985
L103C,-0.299848730086862,-0.25338086
H280Q,-0.644803797442624,-0.35866663
F75L,-0.531288535120516,-0.2867507
V328R,-0.718556737802274,-0.6582852
R285H,-0.6599363158792,-0.27550912
G239I,-0.29724512586433,-0.2096451
E297S,-0.175183942561136,-0.04708243
E71I,-0.654921260097881,-0.56711423
G180Q,-0.622798845987246,-0.6655317
S185Q,-0.670980629778973,-0.41031513
G236A,-0.298992113672932,-0.46011502
N177S,-0.274230378980863,-0.108288914
Q151I,0.0307452461596134,-0.013523437
R35S,-0.0928280548174098,-0.044747636
I32K,-0.651611099741116,-0.65606046
Y359G,-0.0975154219644638,-0.031425517
L104W,-0.263590783291371,-0.22690344
I189S,-0.583437212337965,-0.6644534
L23Y,-0.703571732370651,-0.6070681
L327P,-0.69117483740616,-0.61619407
K5I,-0.164864507078913,-0.07418815
A34I,-0.705123233278956,-0.19018668
L262T,-0.264646909263604,-0.33141258
W70L,-0.583984418033543,-0.6852272
H31D,-0.352915116007098,-0.11435357
Q151V,0.134552052452336,-0.020132273
E322W,-0.160471455636543,-0.06229014
N54P,-0.703255427044199,-0.68754905
P140R,-0.428558921885572,-0.24939743
S48G,-0.512443018680535,-0.30232605
D173Q,-0.303555845763783,-0.17601906
R254I,-0.0585771496848313,-0.13203937
S19R,-0.702693473582633,-0.69741166
A349M,-0.0403999247929062,-0.047953703
A178Q,-0.646177101432248,-0.65590787
V7W,-0.671477200453837,-0.6548007
V352L,-0.216262802274088,-0.13931853
L21E,-0.639544133783014,-0.69711864
P207S,0.0198549116475676,0.05547892
H31W,-0.376549569764346,-0.24746342
Y115C,-0.710445399536079,-0.2711396
V175H,-0.699925380886693,-0.57758075
Q340P,-0.697746143484347,-0.74549776
G241Q,-0.112239529057289,-0.29303047
V8R,-0.439491003053449,-0.68858796
E276Q,-0.157341240158132,-0.07567476
E324Y,-0.0650546651924177,0.15132456
T212Q,-0.134866164308702,-0.23931755
P49D,-0.666230716466575,-0.5415277
A34V,-0.702362294313145,-0.14860734
T271N,-0.210499685885807,-0.3744639
D170K,-0.0130927739208777,-0.0952525
K141F,-0.114831672479701,-0.06953385
I197P,-0.694890314356583,-0.66259676
T131Q,-0.0758026821967682,-0.10505443
P221R,-0.0639518960566599,-0.015501808
K184R,-0.138767220608345,-0.19395755
R289C,-0.0489115964070314,-0.18269388
D304H,-0.0951445229229554,0.036284883
R25Q,0.0440373062866478,-0.039477218
H360P,-0.0231916284519625,-0.07928179
H2L,-0.0776972946222648,-0.15484393
N281Y,-0.534974659619401,-0.47875157
R210L,-0.070404029850337,-0.079061195
Y142C,-0.686581392474536,-0.23909718
I255K,-0.566162898317038,-0.5539445
Y238N,-0.0750830326946068,-0.102054775
L310Y,-0.621917223687201,-0.58855224
V8Y,-0.295454555379209,-0.634244
K257Y,-0.108993407434863,-0.1644663
A320D,0.00978090724825259,0.12877443
G283E,-0.672937593449434,-0.4902806
I266F,-0.30294295615171,-0.35804206
S18G,-0.665257053592225,-0.30235463
V162T,-0.467626074498755,-0.44279733
M88R,-0.261609970021745,-0.36348316
S311Q,-0.199779063550627,-0.15303247
T265I,-0.199507304606175,-0.051759183
H360K,0.0167919039297054,-0.1378138
G13V,-0.713608868847529,-0.6886124
K141I,-0.0974552601884541,0.0499609
G199K,-0.687381927545113,-0.6484216
D347P,-0.689666325130929,-0.46364403
A47Y,-0.664281542687705,-0.41955996
P309N,-0.119289471974528,-0.10580833
D63A,-0.0184168679945355,0.0302676
Y331T,-0.127622794921975,-0.3542939
N248Y,-0.47324888947938,-0.15301043
T131W,-0.241899978868066,-0.22391874
A345W,-0.718839377959085,-0.6875076
P264F,-0.327023251220297,-0.38268906
E365Y,0.0507545805114012,0.09277338
G92M,-0.200902247247559,-0.25229463
S308W,-0.686333878917171,-0.183813
G182Q,-0.531652330335408,-0.63752854
A363E,0.0390911893288726,0.063749775
Q151F,-0.0205273413879868,-0.060638785
Y142V,-0.462879203969604,-0.27659485
I233F,-0.584697869420971,-0.44155914
G230K,-0.127123790483863,-0.29474
S316D,0.0588045928585796,-0.0422608
H329P,-0.624154246045128,-0.6700887
T251W,-0.472708623998714,-0.34626788
S29I,-0.104106652252363,-0.103572085
S43A,-0.0537520647178625,-0.073416695
L146Y,-0.65530180931134,-0.39018947
L181F,-0.626008011522723,-0.29575396
V9S,-0.67182401103855,-0.65605813
R279N,-0.040121473738338,-0.14281313
T60R,-0.0435345243805527,-0.20185636
N54W,-0.68090617352011,-0.647165
R210T,-0.158024765522768,0.0003235303
D191N,-0.711055322198974,-0.18703929
S311L,-0.0150028517083496,0.044021618
I32V,-0.00837685286753467,-0.11310901
T163N,-0.107786898360439,-0.17081448
S73T,-0.183914501678807,-0.05556392
L327T,-0.0465835601344541,-0.47370788
P302D,-0.6693505709256,-0.5574416
G64R,-0.544983591448596,-0.32161534
T112I,-0.117059135260975,-0.15872055
A155D,-0.663065769747555,-0.4176228
V175G,-0.500136893328622,-0.6407784
P119A,0.0219981325989442,-0.0051114447
T60K,-0.116253879790979,-0.24940029
L174E,-0.43358336192553,-0.5870245
W55I,-0.169391583503322,-0.6559197
T271L,-0.259443454303144,-0.32261774
P226V,-0.651079509933385,-0.72650623
G290Y,-0.141192800755713,-0.36471936
P226K,-0.703366197773168,-0.45927924
L10E,-0.638779916107048,-0.71961844
V277P,-0.614695499788381,-0.6739796
K109E,-0.056038842948092,-0.11569975
R305H,-0.247071658175529,-0.2458237
I272C,-0.105896410377387,-0.12034559
K205V,-0.215579370286853,-0.33721223
E250F,-0.100761046609135,-0.058377624
S43M,-0.104210294623093,-0.23729488
H360S,0.00121573961642128,-0.057316698
V82S,-0.481935649919936,-0.378258
D191G,-0.676973274934969,-0.3366312
S215P,-0.392526682847635,-0.4654958
T306A,-0.0100766108816874,-0.14892906
A222Q,-0.105415898856968,-0.21768373
A24T,-0.205351776319259,-0.33820835
I22L,-0.0176675592353901,-0.039427683
K307H,-0.0774022565086145,0.008247312
E297R,-0.241681390083334,-0.14180851
W50T,-0.695404021313952,-0.6775737
G154K,-0.272701057888154,-0.40927568
H280F,-0.708159581062883,-0.4645742
G235E,-0.737210183704656,-0.43948904
R254H,-0.0661040041699085,-0.047964193
D63H,-0.412634727998675,-0.1025769
P286L,-0.662336997292275,-0.5424764
L301N,-0.643228310768017,-0.3631937
K323F,-0.577128072970571,0.09737763
Q357L,-0.00987687826490612,0.061390642
S12N,-0.700195479186735,-0.693104
G274C,-0.439582982814519,-0.34263557
N248W,-0.149027809361063,-0.36312306
T156M,-0.228759545564444,-0.12021756
W107T,-0.645900411989535,-0.67418426
I275N,-0.725187013431591,-0.6253916
G92R,-0.162884770170784,-0.29619744
L21R,-0.637618481833605,-0.6791481
A363P,-0.0390403721815511,-0.04820779
P49C,-0.694686270806543,-0.649337
Y145W,0.0466833464790237,-0.17674337
G180W,-0.672378117819872,-0.68926716
L278T,-0.15362636380735,-0.3721232
K77W,0.117732668997134,-0.27664062
K69V,-0.0973712272060659,-0.04644718
K141N,-0.0159148950520509,0.023450356
G129S,-0.633997830337439,-0.54730344
V175S,-0.64625593173757,-0.61437213
R95G,-0.747377666782612,-0.15580583
S220Q,0.0326972826314071,-0.092030905
E71A,-0.669173289221516,-0.28086242
F58A,-0.376417693695426,-0.18774118
D173V,-0.184376035193224,-0.3632807
V79Q,0.0662054526937692,-0.15792346
L33H,-0.468214786502985,-0.3819885
D217H,-0.135295009741351,0.10405052
M59R,-0.107861494839482,-0.27172872
T271Y,-0.278242417283315,-0.5312512
H280T,-0.647227399630566,-0.65044415
W78T,-0.672321064510617,-0.6702254
V7R,-0.696225354215214,-0.67949134
K109V,-0.345638943729008,-0.27782091
V325K,-0.0811220281507293,-0.15112635
H106K,-0.584467378113103,-0.4134303
D269N,-0.654512072701877,-0.14824517
M59E,-0.126130949416595,-0.21706875
R288P,-0.640899974435577,-0.6636742
H258Y,0.0482789092829371,-0.2658517
D191Q,-0.664156109578274,-0.38334036
L301M,0.0121541942926395,-0.13377914
Q144H,-0.0556832834752884,-0.086432345
A345G,0.0464902738505077,-0.44611606
W70C,-0.667490079899045,-0.68205094
N248E,-0.202816668044826,-0.29944304
G270N,-0.0980949042264654,0.033967856
A187M,-0.691405458990596,-0.33223182
I111S,-0.560366082015845,-0.57605493
L21V,-0.140440292632808,-0.24271414
T265A,-0.0181427900729597,-0.08577827
G361N,0.033917898419436,0.043585394
R293V,-0.472741558107976,-0.41724807
G182H,-0.661814944491376,-0.6005755
L174Q,-0.520643594488941,-0.5254115
Q192K,-0.245293135039765,-0.35586172
K5H,0.00812893811001633,-0.005631458
L351P,-0.670231688628409,-0.6796459
S316R,0.00208901759511107,-0.037969206
Q200Y,-0.700150710832884,-0.7123463
V7A,-0.0596482988785223,-0.4333249
K307Q,-0.0198380376097265,-0.03115898
E250S,0.00489006203846627,-0.095439136
A172L,-0.359863340917062,-0.09353862
K91P,-0.0482559863715913,-0.2192195
I189E,-0.562221978435075,-0.66862506
I266N,-0.694987032240247,-0.55423695
T179M,-0.537398073869805,-0.45747364
T45Q,0.115738112445966,-0.20174964
E158R,-0.260670367785095,-0.13028622
T201D,-0.674510289893637,-0.571452
L174D,-0.396651785210462,-0.5905726
E324P,-0.0250053118404069,0.030514386
I225N,-0.676867398255171,-0.6152387
E324H,-0.0493518699924019,0.11009759
D63T,-0.0730177325416396,-0.0755024
H360V,0.0110745403398735,0.0026302151
D353R,-0.116562828273355,-0.13844985
L301Q,-0.490119004655242,-0.36605892
K69H,-0.167594940239568,0.016532037
V14Y,-0.70760103374359,-0.70283604
S267E,-0.666248504080945,-0.30989373
D133G,-0.673624357840554,-0.48226547
W342M,-0.316530385618414,-0.33566126
P309H,-0.175249614185372,-0.08113816
G102I,-0.458331021553918,-0.2985323
T84F,-0.00852497450384032,-0.06367397
W107C,-0.655837150082766,-0.6326841
L21M,-0.1632868450258,-0.16894262
H86V,-0.192181145544568,-0.077774175
L17Q,-0.718245810447534,-0.72135866
S335T,-0.265243858032337,-0.15491916
V9W,-0.722586676337175,-0.6640182
P65K,-0.130660813802271,-0.15040223
Q98P,0.0419740690579059,-0.20026694
I224N,-0.413357051009057,-0.56857723
E297C,-0.146780804138864,-0.089433506
H31M,-0.176487241566719,-0.14642534
G126S,-0.0953021003962876,-0.121652976
P218D,0.0118348552920671,0.16402079
D63C,-0.109489570748438,-0.109446235
E250R,-0.205576504933317,-0.15585737
S29R,-0.290601855109843,-0.29956535
I186M,-0.564750363102646,-0.33515254
R305K,-0.134982965642372,-0.22362994
Q192E,-0.135492758402342,-0.23228338
Q350T,0.0124628099998769,-0.049850468
G105Y,-0.011260618642146,-0.3081225
F75R,-0.703471838078407,-0.6419748
L327G,-0.649097511758407,-0.60065466
V162E,-0.624656705145056,-0.62509394
G105P,-0.50740922681223,-0.42766398
Y28M,-0.164004309537331,-0.41516674
I225H,-0.694328651743127,-0.5950182
D40I,-0.659595592103551,-0.37753463
L245F,-0.315375621844018,-0.34976688
V137M,-0.627734621232348,-0.52303123
R318P,-0.0408908834707124,-0.04747799
A319W,0.0103876396064642,-0.105090484
A172I,-0.139878868319497,-0.07511047
S268D,0.0173951057381687,-0.17915788
E80A,-0.182410085852441,-0.09262187
S42A,-0.0531535421551195,-0.07113642
T45N,0.0041762674118321,-0.22922178
D191S,-0.570326469033598,-0.3037033
T62N,-0.00572427458103785,-0.015978623
R6C,-0.069638999518133,-0.17859365
W89E,-0.576073660233768,-0.672385
R285F,-0.672075449934101,-0.5960735
K209I,-0.0587288074890704,0.086569086
N177D,-0.410384847108578,-0.35683784
Q192V,-0.0747334805593335,-0.114493296
A34M,-0.683909276163558,-0.20599252
S121D,0.00341474494465817,-0.13519147
L303M,-0.078623160227039,-0.21593235
E72G,-0.386366078146931,-0.08781341
C143S,-0.30505054763839,-0.6080123
G270M,-0.19856970315481,-0.077433504
I233R,-0.669335484371511,-0.6534375
A168R,-0.695055180486179,-0.4257399
S220W,0.00310856498661421,-0.1213451
A34C,-0.594148318419735,-0.19554842
E72H,-0.0194145265801497,-0.1866105
I15C,-0.653491756018241,-0.45776644
A355F,0.0435616225255072,-0.06506916
L203W,-0.456604107123026,-0.60722727
V204L,0.00296910940967295,-0.062279075
L61N,-0.0180143393820004,-0.011628006
F96T,-0.406192460575035,-0.4919396
L312Q,-0.384472829097551,-0.44863707
D101A,-0.00799688509876569,-0.0058046766
Y142D,-0.659350883954655,-0.67874545
E195K,-0.217586285212806,-0.096794486
E80Y,-0.448137295620865,-0.30075923
Y359Q,-0.0148675929866164,-0.06110298
R364E,0.0630227093700376,-0.021805694
K307T,-0.0573556761768205,-0.02915946
T62H,0.00801277080042002,-0.08880314
A172Y,-0.176662737090308,-0.24503992
H86Q,0.0492562403037527,-0.14757371
T56C,-0.235146748926495,-0.31817612
R298N,-0.00323841735227412,-0.117978856
D347E,-0.0127838728350961,-0.21918851
Y145K,-0.255321260351983,-0.46274784
W89M,-0.532378078936449,-0.38583577
R261Q,0.093340014965097,0.0059709027
S334L,-0.510493088255238,-0.4684836
M59C,-0.708203372963003,-0.04006897
R35G,-0.661547571163217,-0.1515348
H2I,0.0423471809559688,-0.108600214
P292G,-0.665896170037296,-0.5436651
D101R,-0.0417847409139538,-0.035407633
V137R,-0.68783314995174,-0.69592166
A127H,-0.0144140396137352,-0.06907808
G126E,-0.0424143398206279,-0.2411084
M88T,-0.166993022631257,-0.24314535
A34Q,-0.673278183777815,-0.41003543
T45C,-0.0066057026844933,-0.18987365
D214Y,-0.430160677949513,0.06370768
T62I,-0.000859687923925256,-0.17698316
T45F,-0.254612125206528,-0.38585907
E71Q,-0.673362553869635,-0.27326718
V14T,-0.699998802283897,-0.609011
T306L,0.0564864397242798,0.06438309
L90H,-0.610910351694293,-0.43500602
L256G,-0.674073990250124,-0.629846
E273M,-0.0715153903020911,-0.23338738
S267M,-0.661704520182471,-0.1075269
A317Q,-0.0611382860498383,-0.037906706
P125G,-0.367128472031391,-0.1596028
G126N,-0.0977633025836022,-0.092464775
G180T,-0.557025145470731,-0.62565976
V328S,-0.694691473224174,-0.6145325
G332V,-0.692081920773577,-0.7032421
Q350D,-0.527113816441279,-0.10932356
F75A,-0.670457685250349,-0.6670891
C259V,-0.107883962985654,-0.17420755
G126H,-0.0424669996053467,-0.14524327
T237C,-0.353687749351195,-0.47388077
D353F,-0.0695211715563997,0.014832336
W342C,-0.506943659014892,-0.23912266
F46G,-0.678440828862088,-0.47641417
F46S,-0.648570331888334,-0.66780126
I186D,-0.660441414099411,-0.6889545
A296M,0.035567280741859,-0.0923257
A296K,-0.017574154122951,-0.042021424
R279G,-0.051215966052382,-0.22548658
W50H,-0.188533659156741,-0.6742167
Y338D,-0.674613890163548,-0.7278807
T201G,-0.297070473370776,-0.49439406
A155S,-0.194924882600087,-0.281087
A147W,0.0368625952275994,-0.25914794
P286C,-0.673013221777046,-0.547195
R289S,-0.0427348863065427,-0.10258213
S164Q,-0.329765337911287,-0.43284467
G13K,-0.620769312323262,-0.734867
H280P,-0.680544389006713,-0.6181918
R364F,0.00288175558361815,0.033722978
H106D,-0.374627522662426,-0.27768186
I197L,-0.540728445706452,-0.13875207
K77C,-0.0961310577973132,-0.12758492
C211F,-0.616748279884731,-0.36728764
Y108S,-0.649764931085087,-0.6017797
S19E,-0.640442805361855,-0.6934802
F58P,-0.672356412925814,-0.36626923
Q339P,-0.647343172781759,-0.74277186
G13F,-0.530308227518121,-0.7006928
N99F,-0.0740981342812586,-0.027174475
Q98Y,0.0270662659749619,0.029649269
L23F,-0.675650102156854,-0.48284918
I15E,-0.712482784166642,-0.7259536
I128G,-0.328815123505846,-0.0562103
F58R,-0.330350073065428,-0.49237746
R318E,0.0176525394661416,-0.0686554
P226C,-0.68393036499703,-0.57069176
P302R,-0.656289165794458,-0.5535833
S121M,-0.0838325579491749,0.0027833544
R254D,-0.158845563246335,-0.020606577
K152L,-0.033147493004888,-0.004003763
W243S,-0.356570782382707,-0.47588322
K5V,-0.081521871619671,-0.053473018
H31S,-0.0445228208688459,-0.13904904
L153N,-0.232283210478374,-0.11155346
A68E,-0.711219572300973,-0.28354898
D63Y,-0.281157825277096,-0.24961357
E122P,-0.648376205651235,-0.29816556
G230R,-0.163949337606216,-0.26429558
R364G,-0.0753313054902109,0.010684717
W107E,-0.676860810963902,-0.69670403
E346C,-0.184120507584504,-0.0676576
D40W,-0.604328066698817,-0.5006709
V14S,-0.637590935054851,-0.68056166
S246H,-0.637921997523212,-0.45175815
K152Q,-0.0376043481444358,-0.007374294
T156Q,-0.168042541870835,-0.18755156
V294F,-0.487187765314757,-0.4742067
I233Q,-0.601186244908739,-0.5994564
S3M,-0.0137068687112679,-0.007036194
A51Q,-0.698398854425858,-0.57782286
D110T,-0.0812985142922711,-0.13582419
S341H,-0.566734879069482,-0.7271709
E276Y,-0.0728970268324623,-0.44309074
W89G,-0.658777984983676,-0.6753683
R227W,-0.6882801924727,-0.12621853
R25I,-0.341890981326287,-0.45768228
W342E,-0.417816841002348,-0.64005953
A320M,-0.168754623761025,0.047927577
A194P,-0.170505875018088,-0.6371852
Y108C,-0.610930050569914,-0.39947355
N54Q,-0.46423348497657,-0.6267922
Y132V,-0.677066723057554,-0.5244086
S164N,-0.486515263992423,-0.29351297
Q339N,-0.689099938247115,-0.55843216
N99L,-0.134766845484188,-0.031949446
R227D,-0.726501555873714,-0.3513037
C211M,-0.692920189317927,-0.27299318
V41F,-0.154954701659629,-0.29370877
L33R,-0.339223609691851,-0.5594282
E166W,-0.684345360830844,-0.5674694
D110Q,-0.0307040702454862,-0.15405853
S308M,-0.682666442893361,-0.051511087
A34H,-0.694904902943083,-0.3476234
A363L,0.00862631947953138,0.1302568
V175E,-0.666415710687155,-0.6543308
H138Q,-0.286872004493666,-0.31685647
S185P,-0.669137479095558,-0.62508327
V176I,0.0640657143521497,-0.118434206
V232Q,-0.0967359777480664,-0.61326
G154A,-0.360160450622341,-0.31929106
